{"0": {"effect_size": 0.25156119426424456, "p_value": 0.516}, "1": {"effect_size": 0.1852992296506616, "p_value": 0.775}, "2": {"effect_size": 0.24741991321670165, "p_value": 0.404}, "3": {"effect_size": 0.34919506781217796, "p_value": 0.075}, "4": {"effect_size": 0.1540537132167715, "p_value": 0.936}, "5": {"effect_size": 0.18237034324632884, "p_value": 0.68}, "6": {"effect_size": 0.1923783778273325, "p_value": 0.678}, "7": {"effect_size": 0.21604038973760878, "p_value": 0.49}}