{"0": {"effect_size": 0.17486834387214822, "p_value": 0.854}, "1": {"effect_size": 0.16370521092421997, "p_value": 0.883}, "2": {"effect_size": 0.1748883589659495, "p_value": 0.745}, "3": {"effect_size": 0.20931383767453834, "p_value": 0.415}, "4": {"effect_size": 0.2540682109325409, "p_value": 0.038}, "5": {"effect_size": 0.2457864872115238, "p_value": 0.016}, "6": {"effect_size": 0.27539282481674854, "p_value": 0.263}, "7": {"effect_size": 0.17712723718743872, "p_value": 0.804}}