{"0": {"effect_size": 0.19503395992611425, "p_value": 0.599}, "1": {"effect_size": 0.26287896176342096, "p_value": 0.061}, "2": {"effect_size": 0.29013424125874687, "p_value": 0.016}, "3": {"effect_size": 0.2631688768538511, "p_value": 0.059}, "4": {"effect_size": 0.34897352285821615, "p_value": 0.0}, "5": {"effect_size": 0.33421204492357676, "p_value": 0.0}, "6": {"effect_size": 0.3839512857802691, "p_value": 0.0}, "7": {"effect_size": 0.403976837488009, "p_value": 0.0}}