{"0": {"effect_size": 0.28865639881961835, "p_value": 0.015}, "1": {"effect_size": 0.24346477084594226, "p_value": 0.478}, "2": {"effect_size": 0.3120931445926417, "p_value": 0.036}, "3": {"effect_size": 0.28081848971298007, "p_value": 0.104}, "4": {"effect_size": 0.30539546438988946, "p_value": 0.14}, "5": {"effect_size": 0.24155356343130588, "p_value": 0.158}, "6": {"effect_size": 0.42506787786236994, "p_value": 0.0}, "7": {"effect_size": 0.3309614156980006, "p_value": 0.024}}