{"0": {"effect_size": 0.2694410991103692, "p_value": 0.187}, "1": {"effect_size": 0.3090670554748986, "p_value": 0.01}, "2": {"effect_size": 0.2819883746922564, "p_value": 0.013}, "3": {"effect_size": 0.2407349117204364, "p_value": 0.153}, "4": {"effect_size": 0.2526155472095418, "p_value": 0.102}, "5": {"effect_size": 0.17092009865978788, "p_value": 0.81}, "6": {"effect_size": 0.2124692345034455, "p_value": 0.563}, "7": {"effect_size": 0.25156103582095557, "p_value": 0.059}}