{"0": {"effect_size": 0.13374738981253667, "p_value": 0.993}, "1": {"effect_size": 0.2135461416762801, "p_value": 0.701}, "2": {"effect_size": 0.2156988687669723, "p_value": 0.586}, "3": {"effect_size": 0.17318121662271727, "p_value": 0.914}, "4": {"effect_size": 0.27707734655501726, "p_value": 0.229}, "5": {"effect_size": 0.3443687656228037, "p_value": 0.001}, "6": {"effect_size": 0.25248620633816515, "p_value": 0.26}, "7": {"effect_size": 0.19651734895630155, "p_value": 0.599}}