{"0": {"effect_size": 0.20454707871145367, "p_value": 0.43}, "1": {"effect_size": 0.19412650323115785, "p_value": 0.655}, "2": {"effect_size": 0.19640445121940822, "p_value": 0.532}, "3": {"effect_size": 0.2125980639792039, "p_value": 0.336}, "4": {"effect_size": 0.200314045621866, "p_value": 0.636}, "5": {"effect_size": 0.18566127063452204, "p_value": 0.692}, "6": {"effect_size": 0.21523643364209785, "p_value": 0.175}, "7": {"effect_size": 0.21853474928962724, "p_value": 0.417}}