{"0": {"effect_size": 0.2074063236857042, "p_value": 0.471}, "1": {"effect_size": 0.2480174090699948, "p_value": 0.098}, "2": {"effect_size": 0.21089812634254687, "p_value": 0.424}, "3": {"effect_size": 0.19314243454189547, "p_value": 0.628}, "4": {"effect_size": 0.21426122505954104, "p_value": 0.508}, "5": {"effect_size": 0.218141309149039, "p_value": 0.332}, "6": {"effect_size": 0.22878657768925226, "p_value": 0.189}, "7": {"effect_size": 0.18844462014836239, "p_value": 0.65}}