{"0": {"effect_size": 0.17773410580357296, "p_value": 0.874}, "1": {"effect_size": 0.2880507732273492, "p_value": 0.12}, "2": {"effect_size": 0.19927658077942212, "p_value": 0.568}, "3": {"effect_size": 0.21980871471066457, "p_value": 0.497}, "4": {"effect_size": 0.2118833752189312, "p_value": 0.562}, "5": {"effect_size": 0.22735581395465052, "p_value": 0.244}, "6": {"effect_size": 0.22331088451371608, "p_value": 0.473}, "7": {"effect_size": 0.1808251393062449, "p_value": 0.789}}