{"0": {"effect_size": 0.19406018183535517, "p_value": 0.606}, "1": {"effect_size": 0.2880813640250371, "p_value": 0.042}, "2": {"effect_size": 0.22629131603694738, "p_value": 0.378}, "3": {"effect_size": 0.22414817222813194, "p_value": 0.373}, "4": {"effect_size": 0.23423840176893346, "p_value": 0.285}, "5": {"effect_size": 0.24465838155744543, "p_value": 0.132}, "6": {"effect_size": 0.239610523598044, "p_value": 0.143}, "7": {"effect_size": 0.18298295877382773, "p_value": 0.709}}