{"0": {"effect_size": 0.23608499472416847, "p_value": 0.512}, "1": {"effect_size": 0.18928296568759756, "p_value": 0.786}, "2": {"effect_size": 0.2516476480543729, "p_value": 0.369}, "3": {"effect_size": 0.21418334961035718, "p_value": 0.657}, "4": {"effect_size": 0.18115923342167517, "p_value": 0.754}, "5": {"effect_size": 0.2451179730185023, "p_value": 0.441}, "6": {"effect_size": 0.24583622398800425, "p_value": 0.302}, "7": {"effect_size": 0.1824018455724079, "p_value": 0.791}}