{"0": {"effect_size": 0.21467614805434604, "p_value": 0.588}, "1": {"effect_size": 0.1988892982514003, "p_value": 0.663}, "2": {"effect_size": 0.2546871973589112, "p_value": 0.075}, "3": {"effect_size": 0.22120400131550402, "p_value": 0.582}, "4": {"effect_size": 0.2454675569879776, "p_value": 0.315}, "5": {"effect_size": 0.2467472962391358, "p_value": 0.322}, "6": {"effect_size": 0.23145186653011462, "p_value": 0.373}, "7": {"effect_size": 0.23161738551929276, "p_value": 0.355}}