{"0": {"effect_size": 0.39173456197631307, "p_value": 0.051}, "1": {"effect_size": 0.4132664153825706, "p_value": 0.019}, "2": {"effect_size": 0.30643744705226406, "p_value": 0.148}, "3": {"effect_size": 0.3068575672549219, "p_value": 0.169}, "4": {"effect_size": 0.37816051714303023, "p_value": 0.015}, "5": {"effect_size": 0.4833249896009251, "p_value": 0.011}, "6": {"effect_size": 0.45425347303994096, "p_value": 0.005}, "7": {"effect_size": 0.3393970630702104, "p_value": 0.054}}