{"0": {"effect_size": 0.3050928879048102, "p_value": 0.221}, "1": {"effect_size": 0.20732440662672946, "p_value": 0.706}, "2": {"effect_size": 0.2430722459373395, "p_value": 0.498}, "3": {"effect_size": 0.2810932063979405, "p_value": 0.319}, "4": {"effect_size": 0.2713519183598272, "p_value": 0.347}, "5": {"effect_size": 0.25950593027844665, "p_value": 0.367}, "6": {"effect_size": 0.1858772336338464, "p_value": 0.852}, "7": {"effect_size": 0.24134439325580423, "p_value": 0.466}}