{"0": {"effect_size": 0.22017856366479874, "p_value": 0.314}, "1": {"effect_size": 0.1995314611856661, "p_value": 0.549}, "2": {"effect_size": 0.2029098679746378, "p_value": 0.364}, "3": {"effect_size": 0.335113644192293, "p_value": 0.031}, "4": {"effect_size": 0.19990704148712532, "p_value": 0.471}, "5": {"effect_size": 0.19533831506145757, "p_value": 0.454}, "6": {"effect_size": 0.38655202667209765, "p_value": 0.002}, "7": {"effect_size": 0.3168620078850501, "p_value": 0.011}}