{"0": {"effect_size": 0.3804475301663994, "p_value": 0.003}, "1": {"effect_size": 0.3455304021503595, "p_value": 0.018}, "2": {"effect_size": 0.3300146794956592, "p_value": 0.037}, "3": {"effect_size": 0.37309183532995827, "p_value": 0.021}, "4": {"effect_size": 0.34076905957552245, "p_value": 0.016}, "5": {"effect_size": 0.3850301632445214, "p_value": 0.009}, "6": {"effect_size": 0.32099929741861505, "p_value": 0.014}, "7": {"effect_size": 0.28506806908640314, "p_value": 0.089}}