{"0": {"effect_size": 0.3649790216384534, "p_value": 0.021}, "1": {"effect_size": 0.28262452426782, "p_value": 0.13}, "2": {"effect_size": 0.2559222804298952, "p_value": 0.216}, "3": {"effect_size": 0.30961498985132996, "p_value": 0.127}, "4": {"effect_size": 0.25828293860481183, "p_value": 0.169}, "5": {"effect_size": 0.3747518644316391, "p_value": 0.004}, "6": {"effect_size": 0.2973960662288454, "p_value": 0.059}, "7": {"effect_size": 0.3044798589400884, "p_value": 0.067}}