{"0": {"effect_size": 0.35653226137432753, "p_value": 0.032}, "1": {"effect_size": 0.27394017888485983, "p_value": 0.065}, "2": {"effect_size": 0.28865070075643356, "p_value": 0.204}, "3": {"effect_size": 0.30069430865834296, "p_value": 0.182}, "4": {"effect_size": 0.2941092094208105, "p_value": 0.042}, "5": {"effect_size": 0.3538227304213506, "p_value": 0.21}, "6": {"effect_size": 0.20886644237393173, "p_value": 0.392}, "7": {"effect_size": 0.34847389455564926, "p_value": 0.009}}