{"0": {"effect_size": 0.32244365472183223, "p_value": 0.003}, "1": {"effect_size": 0.2773423072209999, "p_value": 0.035}, "2": {"effect_size": 0.2606337390083069, "p_value": 0.167}, "3": {"effect_size": 0.2965808415134735, "p_value": 0.032}, "4": {"effect_size": 0.2115577778301985, "p_value": 0.302}, "5": {"effect_size": 0.2875477285301575, "p_value": 0.039}, "6": {"effect_size": 0.2233226122763057, "p_value": 0.331}, "7": {"effect_size": 0.30648763356685976, "p_value": 0.085}}