{"0": {"effect_size": 0.27546291040020937, "p_value": 0.014}, "1": {"effect_size": 0.25204369540088123, "p_value": 0.271}, "2": {"effect_size": 0.19464240067219393, "p_value": 0.59}, "3": {"effect_size": 0.2138606913494897, "p_value": 0.44}, "4": {"effect_size": 0.24972113193077086, "p_value": 0.18}, "5": {"effect_size": 0.21821403583364918, "p_value": 0.27}, "6": {"effect_size": 0.2622055174321804, "p_value": 0.027}, "7": {"effect_size": 0.19876857190535255, "p_value": 0.589}}