{"0": {"effect_size": 0.2446704330117577, "p_value": 0.29}, "1": {"effect_size": 0.2926900020169889, "p_value": 0.061}, "2": {"effect_size": 0.3417876662251748, "p_value": 0.019}, "3": {"effect_size": 0.34116727330275654, "p_value": 0.042}, "4": {"effect_size": 0.33927737226820526, "p_value": 0.029}, "5": {"effect_size": 0.28861244667043506, "p_value": 0.085}, "6": {"effect_size": 0.3139880797370859, "p_value": 0.04}, "7": {"effect_size": 0.33210898475197703, "p_value": 0.019}}