{"0": {"effect_size": 0.28236516017182633, "p_value": 0.011}, "1": {"effect_size": 0.2468870523731333, "p_value": 0.189}, "2": {"effect_size": 0.2820894596915045, "p_value": 0.008}, "3": {"effect_size": 0.2511149772613719, "p_value": 0.124}, "4": {"effect_size": 0.288538231946285, "p_value": 0.0}, "5": {"effect_size": 0.23960967893016102, "p_value": 0.15}, "6": {"effect_size": 0.191801795235195, "p_value": 0.664}, "7": {"effect_size": 0.22615275182301245, "p_value": 0.249}}