{"0": {"effect_size": 0.3125934642613301, "p_value": 0.111}, "1": {"effect_size": 0.28036872215961994, "p_value": 0.139}, "2": {"effect_size": 0.3465243176081573, "p_value": 0.056}, "3": {"effect_size": 0.32120215692543325, "p_value": 0.067}, "4": {"effect_size": 0.3026356232987446, "p_value": 0.098}, "5": {"effect_size": 0.2723529826108111, "p_value": 0.334}, "6": {"effect_size": 0.29862653718387766, "p_value": 0.055}, "7": {"effect_size": 0.3083220180100353, "p_value": 0.067}}