{"0": {"effect_size": 0.2494994967680262, "p_value": 0.234}, "1": {"effect_size": 0.18298879028711143, "p_value": 0.798}, "2": {"effect_size": 0.2525754141866063, "p_value": 0.129}, "3": {"effect_size": 0.23481826510449136, "p_value": 0.214}, "4": {"effect_size": 0.35260547974244244, "p_value": 0.006}, "5": {"effect_size": 0.21289579275992693, "p_value": 0.42}, "6": {"effect_size": 0.221826534761867, "p_value": 0.316}, "7": {"effect_size": 0.24562661865941976, "p_value": 0.121}}