{"0": {"effect_size": 0.22688708775403899, "p_value": 0.112}, "1": {"effect_size": 0.19516888288313317, "p_value": 0.327}, "2": {"effect_size": 0.21562859498084552, "p_value": 0.155}, "3": {"effect_size": 0.20067488881370238, "p_value": 0.295}, "4": {"effect_size": 0.31960084154319385, "p_value": 0.001}, "5": {"effect_size": 0.20936166891009253, "p_value": 0.246}, "6": {"effect_size": 0.19284803304155973, "p_value": 0.455}, "7": {"effect_size": 0.21618719480299217, "p_value": 0.144}}