{"0": {"effect_size": 0.24470749854565876, "p_value": 0.173}, "1": {"effect_size": 0.22770927113290718, "p_value": 0.377}, "2": {"effect_size": 0.2797116213080296, "p_value": 0.026}, "3": {"effect_size": 0.2523727548944466, "p_value": 0.11}, "4": {"effect_size": 0.2615691875863244, "p_value": 0.137}, "5": {"effect_size": 0.25023603222480156, "p_value": 0.172}, "6": {"effect_size": 0.28473108159825367, "p_value": 0.003}, "7": {"effect_size": 0.20730315840959174, "p_value": 0.215}}