{"0": {"effect_size": 0.24050565839189278, "p_value": 0.369}, "1": {"effect_size": 0.24394549159383994, "p_value": 0.12}, "2": {"effect_size": 0.21270104174740898, "p_value": 0.24}, "3": {"effect_size": 0.33658419248567906, "p_value": 0.032}, "4": {"effect_size": 0.23204176014727265, "p_value": 0.366}, "5": {"effect_size": 0.2309589302969919, "p_value": 0.245}, "6": {"effect_size": 0.17303687343805654, "p_value": 0.787}, "7": {"effect_size": 0.20268894375225488, "p_value": 0.283}}