{"0": {"effect_size": 0.2366389933924916, "p_value": 0.419}, "1": {"effect_size": 0.21459869313320556, "p_value": 0.462}, "2": {"effect_size": 0.150721982659917, "p_value": 0.945}, "3": {"effect_size": 0.23518035673763793, "p_value": 0.222}, "4": {"effect_size": 0.19283859934902847, "p_value": 0.642}, "5": {"effect_size": 0.2627624979442053, "p_value": 0.098}, "6": {"effect_size": 0.21537717047634655, "p_value": 0.377}, "7": {"effect_size": 0.21288105332176585, "p_value": 0.363}}