{"0": {"effect_size": 0.3622189837896844, "p_value": 0.001}, "1": {"effect_size": 0.17902757453023077, "p_value": 0.864}, "2": {"effect_size": 0.352573641171701, "p_value": 0.0}, "3": {"effect_size": 0.2846474698280404, "p_value": 0.024}, "4": {"effect_size": 0.29826298602611945, "p_value": 0.011}, "5": {"effect_size": 0.3688767202684913, "p_value": 0.0}, "6": {"effect_size": 0.30982640307186116, "p_value": 0.033}, "7": {"effect_size": 0.36367900986164403, "p_value": 0.0}}