{"0": {"effect_size": 0.24007170969152472, "p_value": 0.28}, "1": {"effect_size": 0.2894021224444478, "p_value": 0.046}, "2": {"effect_size": 0.2725586096913733, "p_value": 0.1}, "3": {"effect_size": 0.19200990437994309, "p_value": 0.798}, "4": {"effect_size": 0.25563569138129644, "p_value": 0.215}, "5": {"effect_size": 0.2248337021965293, "p_value": 0.318}, "6": {"effect_size": 0.30018079469031206, "p_value": 0.024}, "7": {"effect_size": 0.23945887610529343, "p_value": 0.481}}