{"0": {"effect_size": 0.26161579967974, "p_value": 0.2}, "1": {"effect_size": 0.2659516919370231, "p_value": 0.182}, "2": {"effect_size": 0.2807860275774665, "p_value": 0.189}, "3": {"effect_size": 0.26114393232307553, "p_value": 0.208}, "4": {"effect_size": 0.23992210373819037, "p_value": 0.332}, "5": {"effect_size": 0.2563993679813021, "p_value": 0.466}, "6": {"effect_size": 0.22217471834437544, "p_value": 0.43}, "7": {"effect_size": 0.2106369028526772, "p_value": 0.513}}