{"0": {"effect_size": 0.23034075845109686, "p_value": 0.454}, "1": {"effect_size": 0.1680867544913319, "p_value": 0.865}, "2": {"effect_size": 0.2006702669817376, "p_value": 0.561}, "3": {"effect_size": 0.1665190910371676, "p_value": 0.824}, "4": {"effect_size": 0.21479029222011475, "p_value": 0.306}, "5": {"effect_size": 0.21146095846428564, "p_value": 0.516}, "6": {"effect_size": 0.18911113549678485, "p_value": 0.771}, "7": {"effect_size": 0.2905866376940138, "p_value": 0.014}}