{"0": {"effect_size": 0.25198960654294666, "p_value": 0.054}, "1": {"effect_size": 0.21984170325346755, "p_value": 0.169}, "2": {"effect_size": 0.22641355285288564, "p_value": 0.257}, "3": {"effect_size": 0.27865793197312794, "p_value": 0.035}, "4": {"effect_size": 0.23132828302628997, "p_value": 0.271}, "5": {"effect_size": 0.23109417359170978, "p_value": 0.289}, "6": {"effect_size": 0.16542997199508175, "p_value": 0.884}, "7": {"effect_size": 0.24453262697257538, "p_value": 0.161}}