{"0": {"effect_size": 0.1886000747932919, "p_value": 0.669}, "1": {"effect_size": 0.23864738835844612, "p_value": 0.067}, "2": {"effect_size": 0.22817156377761508, "p_value": 0.247}, "3": {"effect_size": 0.15804942076657993, "p_value": 0.935}, "4": {"effect_size": 0.23010103411518973, "p_value": 0.178}, "5": {"effect_size": 0.22152118346493754, "p_value": 0.412}, "6": {"effect_size": 0.18158419906335477, "p_value": 0.744}, "7": {"effect_size": 0.25450380919279986, "p_value": 0.018}}