{"0": {"effect_size": 0.2276523276246772, "p_value": 0.174}, "1": {"effect_size": 0.21968632333289154, "p_value": 0.302}, "2": {"effect_size": 0.24761014829896527, "p_value": 0.152}, "3": {"effect_size": 0.2621994800231294, "p_value": 0.072}, "4": {"effect_size": 0.2738186906314143, "p_value": 0.013}, "5": {"effect_size": 0.2781520738023529, "p_value": 0.056}, "6": {"effect_size": 0.2069655785489754, "p_value": 0.508}, "7": {"effect_size": 0.2395607866813365, "p_value": 0.187}}