{"0": {"effect_size": 0.24958054734992252, "p_value": 0.095}, "1": {"effect_size": 0.20342324360539554, "p_value": 0.439}, "2": {"effect_size": 0.24567558821495938, "p_value": 0.043}, "3": {"effect_size": 0.28310362785501453, "p_value": 0.039}, "4": {"effect_size": 0.2655263146963606, "p_value": 0.04}, "5": {"effect_size": 0.20454481681209022, "p_value": 0.431}, "6": {"effect_size": 0.22172455623962636, "p_value": 0.254}, "7": {"effect_size": 0.24305850762702985, "p_value": 0.224}}