{"0": {"effect_size": 0.25070497337611186, "p_value": 0.126}, "1": {"effect_size": 0.24679964803013224, "p_value": 0.154}, "2": {"effect_size": 0.2728848818818912, "p_value": 0.023}, "3": {"effect_size": 0.2609805530803376, "p_value": 0.132}, "4": {"effect_size": 0.2811129381103028, "p_value": 0.028}, "5": {"effect_size": 0.2320329869002938, "p_value": 0.297}, "6": {"effect_size": 0.2719711562387755, "p_value": 0.113}, "7": {"effect_size": 0.24935070978524965, "p_value": 0.222}}