{"0": {"effect_size": 0.23367350247765759, "p_value": 0.128}, "1": {"effect_size": 0.26052779514571084, "p_value": 0.078}, "2": {"effect_size": 0.286375011561982, "p_value": 0.006}, "3": {"effect_size": 0.3164683716038609, "p_value": 0.0}, "4": {"effect_size": 0.28135590970388497, "p_value": 0.004}, "5": {"effect_size": 0.2869158004074777, "p_value": 0.01}, "6": {"effect_size": 0.27543383950107, "p_value": 0.023}, "7": {"effect_size": 0.27107263209763804, "p_value": 0.012}}