{"0": {"effect_size": 0.21427661299734765, "p_value": 0.312}, "1": {"effect_size": 0.2994031089281749, "p_value": 0.028}, "2": {"effect_size": 0.22850850508347162, "p_value": 0.213}, "3": {"effect_size": 0.24884505041426447, "p_value": 0.06}, "4": {"effect_size": 0.2646381572227403, "p_value": 0.21}, "5": {"effect_size": 0.24186096251057285, "p_value": 0.047}, "6": {"effect_size": 0.238905212987036, "p_value": 0.109}, "7": {"effect_size": 0.2857663899006275, "p_value": 0.006}}