{"0": {"effect_size": 0.23041998795842408, "p_value": 0.251}, "1": {"effect_size": 0.22702549243363218, "p_value": 0.188}, "2": {"effect_size": 0.25171709415047483, "p_value": 0.214}, "3": {"effect_size": 0.2531854497753313, "p_value": 0.299}, "4": {"effect_size": 0.2261039618098818, "p_value": 0.143}, "5": {"effect_size": 0.2072564139635167, "p_value": 0.35}, "6": {"effect_size": 0.2092008166519552, "p_value": 0.395}, "7": {"effect_size": 0.24423855418162818, "p_value": 0.062}}