{"0": {"effect_size": 0.2139662016114597, "p_value": 0.516}, "1": {"effect_size": 0.19981376274555263, "p_value": 0.641}, "2": {"effect_size": 0.18142712471231512, "p_value": 0.745}, "3": {"effect_size": 0.2728094499388886, "p_value": 0.054}, "4": {"effect_size": 0.21229334577199432, "p_value": 0.551}, "5": {"effect_size": 0.24326465534703434, "p_value": 0.214}, "6": {"effect_size": 0.23312763462171662, "p_value": 0.43}, "7": {"effect_size": 0.2261539905768791, "p_value": 0.305}}