{"0": {"effect_size": 0.26539689303095854, "p_value": 0.09}, "1": {"effect_size": 0.22633318562838622, "p_value": 0.247}, "2": {"effect_size": 0.19526675407394006, "p_value": 0.538}, "3": {"effect_size": 0.24710175221689573, "p_value": 0.091}, "4": {"effect_size": 0.17515401715995507, "p_value": 0.771}, "5": {"effect_size": 0.26522077856148313, "p_value": 0.157}, "6": {"effect_size": 0.2275971015036339, "p_value": 0.224}, "7": {"effect_size": 0.17966536195019506, "p_value": 0.703}}