{"0": {"effect_size": 0.18669583156297873, "p_value": 0.746}, "1": {"effect_size": 0.1833682307187689, "p_value": 0.687}, "2": {"effect_size": 0.16761418569635408, "p_value": 0.887}, "3": {"effect_size": 0.22231183379099392, "p_value": 0.301}, "4": {"effect_size": 0.19958511037439325, "p_value": 0.601}, "5": {"effect_size": 0.19029777374391138, "p_value": 0.621}, "6": {"effect_size": 0.17015776590081644, "p_value": 0.806}, "7": {"effect_size": 0.18206946952769865, "p_value": 0.674}}