{"0": {"effect_size": 0.20221861613402167, "p_value": 0.617}, "1": {"effect_size": 0.20198587363560458, "p_value": 0.672}, "2": {"effect_size": 0.1898087883780823, "p_value": 0.523}, "3": {"effect_size": 0.2087487386354254, "p_value": 0.517}, "4": {"effect_size": 0.18767852827977563, "p_value": 0.62}, "5": {"effect_size": 0.14650194426250643, "p_value": 0.963}, "6": {"effect_size": 0.18377308613593696, "p_value": 0.707}, "7": {"effect_size": 0.21164225543091916, "p_value": 0.351}}