{"0": {"effect_size": 0.4404276941474295, "p_value": 0.0}, "1": {"effect_size": 0.3499205816579876, "p_value": 0.014}, "2": {"effect_size": 0.4055264879468448, "p_value": 0.0}, "3": {"effect_size": 0.25058993583814815, "p_value": 0.416}, "4": {"effect_size": 0.3009061451030038, "p_value": 0.039}, "5": {"effect_size": 0.3089401866713743, "p_value": 0.004}, "6": {"effect_size": 0.2745972242284606, "p_value": 0.155}, "7": {"effect_size": 0.31148485511569535, "p_value": 0.016}}