{"HuggingFaceTB/SmolLM-135M": {"effect_size": 0.255431167284661, "p_value": 0.021}, "Gustavosta/MagicPrompt-Stable-Diffusion": {"effect_size": 0.22119320811629908, "p_value": 0.118}, "microsoft/Phi-3-mini-4k-instruct": {"effect_size": 0.212140123164028, "p_value": 0.556}, "openai-community/gpt2": {"effect_size": 0.22768064997692042, "p_value": 0.425}, "mistralai/Mistral-7B-Instruct-v0.2": {"effect_size": 0.24263030086644785, "p_value": 0.155}, "meta-llama/Meta-Llama-3.1-8B-Instruct": {"effect_size": 0.2691207438392616, "p_value": 0.024}, "google/gemma-2-9b-it": {"effect_size": 0.28201211529264414, "p_value": 0.012}}