{"HuggingFaceTB/SmolLM-135M": {"effect_size": 0.3849425518357468, "p_value": 0.0}, "Gustavosta/MagicPrompt-Stable-Diffusion": {"effect_size": 0.19293320122678756, "p_value": 0.761}, "microsoft/Phi-3-mini-4k-instruct": {"effect_size": 0.2886270199671511, "p_value": 0.041}, "openai-community/gpt2": {"effect_size": 0.43729160251385535, "p_value": 0.0}, "mistralai/Mistral-7B-Instruct-v0.2": {"effect_size": 0.20019226555920436, "p_value": 0.641}, "meta-llama/Meta-Llama-3.1-8B-Instruct": {"effect_size": 0.221302214238748, "p_value": 0.384}, "google/gemma-2-9b-it": {"effect_size": 0.27193183120313685, "p_value": 0.167}}