{"HuggingFaceTB/SmolLM-135M": {"effect_size": 0.24249373267639768, "p_value": 0.148}, "Gustavosta/MagicPrompt-Stable-Diffusion": {"effect_size": 0.2020384035696311, "p_value": 0.477}, "microsoft/Phi-3-mini-4k-instruct": {"effect_size": 0.22041253666991018, "p_value": 0.331}, "openai-community/gpt2": {"effect_size": 0.23098841394157252, "p_value": 0.277}, "mistralai/Mistral-7B-Instruct-v0.2": {"effect_size": 0.2629382273526866, "p_value": 0.089}, "meta-llama/Meta-Llama-3.1-8B-Instruct": {"effect_size": 0.21474232655439435, "p_value": 0.412}, "google/gemma-2-9b-it": {"effect_size": 0.2660016708830116, "p_value": 0.017}}