{"HuggingFaceTB/SmolLM-135M": {"effect_size": 0.21565620363239318, "p_value": 0.08}, "Gustavosta/MagicPrompt-Stable-Diffusion": {"effect_size": 0.3011961963411222, "p_value": 0.0}, "microsoft/Phi-3-mini-4k-instruct": {"effect_size": 0.2607548005920709, "p_value": 0.016}, "openai-community/gpt2": {"effect_size": 0.24199376987228946, "p_value": 0.011}, "mistralai/Mistral-7B-Instruct-v0.2": {"effect_size": 0.30594727767462887, "p_value": 0.202}, "meta-llama/Meta-Llama-3.1-8B-Instruct": {"effect_size": 0.2977038765710104, "p_value": 0.002}, "google/gemma-2-9b-it": {"effect_size": 0.2746358200191031, "p_value": 0.03}}