{"HuggingFaceTB/SmolLM-135M": {"effect_size": 0.2763556517091081, "p_value": 0.086}, "Gustavosta/MagicPrompt-Stable-Diffusion": {"effect_size": 0.19948999673392045, "p_value": 0.562}, "microsoft/Phi-3-mini-4k-instruct": {"effect_size": 0.23844007318005156, "p_value": 0.217}, "openai-community/gpt2": {"effect_size": 0.20556631221042068, "p_value": 0.498}, "mistralai/Mistral-7B-Instruct-v0.2": {"effect_size": 0.24284325003328394, "p_value": 0.208}, "meta-llama/Meta-Llama-3.1-8B-Instruct": {"effect_size": 0.2468571167182011, "p_value": 0.126}, "google/gemma-2-9b-it": {"effect_size": 0.34942869208514793, "p_value": 0.121}}